{
  "categories_list": {
    "featured": [
      "/acessorios?Acessórios",
      "/tendas-piramidais?Tendas Piramidais",
      "/tendas-sanfonadas?Tendas Sanfonadas",
      "/todos-os-departamentos?Todos os departamentos",
      "/cupons?cupons"
    ],
    "random": 7,
    "full_width": true
  },
  "menu_all_departments": false,
  "centralized_logo": false,
  "marketing_stripe": {
    "text": "Entregamos para todo o Brasil",
    "link": "/promotion"
  },
  "alphabetical_order_submenu": false,
  "name_all_departments": "",
  "search_input": true,
  "desktop_megamenu": true,
  "full_width_submenu": false,
  "contacts_stripe": {
    "pages": [],
    "phone_wpp": false,
    "socials": true
  }
}